<?xml version="1.0" encoding="UTF-8"?>
<!--
$Id: data_build.xml,v 1.5 2010/06/04 15:33:06 lcp5 Exp $
-->
<project name="Ontology/Metadata data" basedir=".">

	<property environment="env" />

	<property file="./db.properties" />


	<!-- =================================================================== -->
	<!-- 								INIT 								 -->
	<!-- =================================================================== -->
	<target name="init"  description="Prepare for build">
		<path id="classpath">
			<pathelement location="../../ojdbc8.jar" />
			<pathelement location="../../mssql-jdbc-6.2.2.jre8.jar"/>
			<pathelement location="../../postgresql-42.1.4.jar"/>
		</path>
	</target>

	

	<!-- =================================================================== -->
	<!-- 			DATABASE SETUP TARGETS						 			 -->
	<!-- =================================================================== -->
	<target name="db_create_user" depends="init">
		<sql driver="${db.driver}" url="${db.url}" userid="${db.username}" password="${db.password}" classpathref="classpath" onerror="continue">
					CREATE USER  i2b2metadata IDENTIFIED BY   i2b2metadata;
				</sql>
	</target>

	<target name="create_metadata_tables_release_1-7" depends="init">
		<sql driver="${db.driver}" url="${db.url}" userid="${db.username}" password="${db.password}" classpathref="classpath" onerror="continue">
			<transaction src="./scripts/create_${db.type}_i2b2metadata_tables.sql" />
		</sql>
		
		<antcall target="create_metadata_procedures_release_1-7"/>
		
	</target>
	
	<target name="create_metadata_procedures_release_1-7" depends="init">
	
		<sql driver="${db.driver}" url="${db.url}" userid="${db.username}" password="${db.password}" 
					print="true"
			delimitertype="row"
			delimiter="GO"
			keepformat="true"
		autocommit="true" classpathref="classpath" onerror="continue">
			 <path>
			 	<sort>
				    <fileset dir="./scripts/procedures/${db.type}">
				      <include name="*.sql"/>
				    </fileset>
			 	</sort>
			  </path>
		</sql>
	</target>


	<target name="db_metadata_run_total_count_postgresql" depends="init">


		<sql driver="${db.driver}" url="${db.url}" userid="${db.username}" password="${db.password}" 
					print="true"
			delimitertype="row"
			keepformat="true"  
		autocommit="true" classpathref="classpath" onerror="continue">

		select runtotalnum('${db.dimension}','${db.schemaname}');

		</sql>

	</target>
	<target name="db_metadata_run_total_count_sqlserver" depends="init">
  <echo message="Running GO target" />
  
		<sql driver="${db.driver}" url="${db.url}" userid="${db.username}" password="${db.password}" 
					print="true"
			delimitertype="row"
			keepformat="true"  
		autocommit="true" classpathref="classpath" onerror="continue">

		exec RunTotalnum '${db.dimension}','${db.schemaname}'

		</sql>

	</target>

	<target name="db_metadata_run_total_count_oracle"  depends="init">


		<sql driver="${db.driver}" url="${db.url}" userid="${db.username}" password="${db.password}" 
					print="true"
			delimitertype="row"
			keepformat="true"  
		autocommit="true" classpathref="classpath" onerror="continue">

 
DECLARE
  OBSERVATIONTABLE VARCHAR2(200);
  SCHEMANAME VARCHAR2(200);
BEGIN
  OBSERVATIONTABLE := '${db.dimension}';
  SCHEMANAME := '${db.schemaname}';

  RUNTOTALNUM(
    OBSERVATIONTABLE => OBSERVATIONTABLE,
    SCHEMANAME => SCHEMANAME
  );

END;

		</sql>

	</target>


	<target name="db_metadata_load_identified_data" depends="init">
		<sql driver="${db.driver}" url="${db.url}" userid="${db.username}" password="${db.password}" classpathref="classpath" onerror="continue">
			<transaction src="./${db.project}/scripts/${db.type}/i2b2_metadata_identified_data.sql" />
		</sql>
	</target>

	<target name="db_metadata_load_data" depends="init">
		<echo message="Loading metadata -- may take a while; over 10 min" />

		<unzip src="./${db.project}/scripts/${db.type}/metadata.zip" dest="./${db.project}/scripts/${db.type}" />
  		
		<sql driver="${db.driver}" url="${db.url}" userid="${db.username}" password="${db.password}" classpathref="classpath" onerror="continue">
			<transaction src="./${db.project}/scripts/schemes_insert_data.sql" />
		</sql>
                <sql driver="${db.driver}" url="${db.url}" userid="${db.username}" password="${db.password}" classpathref="classpath" onerror="continue">
                        <transaction src="./${db.project}/scripts/table_access_insert_data.sql" />
		</sql>
			
        <sql driver="${db.driver}" url="${db.url}" userid="${db.username}" password="${db.password}" autocommit="true" classpathref="classpath" onerror="continue">
			 <path>
			 	<sort>
				    <fileset dir="./${db.project}/scripts/${db.type}">
				      <include name="*.sql"/>
				    </fileset>
			 	</sort>
			  </path>
		</sql>

			  	<!--			
                <sql driver="${db.driver}" url="${db.url}" userid="${db.username}" password="${db.password}" classpathref="classpath" onerror="continue">
			<transaction src="./${db.project}/scripts/${db.type}/birn_insert_data.sql" />
		</sql>
                <sql driver="${db.driver}" url="${db.url}" userid="${db.username}" password="${db.password}" classpathref="classpath" onerror="continue">
			<transaction src="./${db.project}/scripts/${db.type}/custom_meta_insert_data.sql" />
		</sql>
                <sql driver="${db.driver}" url="${db.url}" userid="${db.username}" password="${db.password}" classpathref="classpath" onerror="continue">
			<transaction src="./${db.project}/scripts/${db.type}/i2b2_metadata_insert_data.sql" />
		</sql>
                <sql driver="${db.driver}" url="${db.url}" userid="${db.username}" password="${db.password}" classpathref="classpath" onerror="continue">
			<transaction src="./${db.project}/scripts/${db.type}/i2b2_metadata_demographics_insert_data.sql" />
		</sql>
                <sql driver="${db.driver}" url="${db.url}" userid="${db.username}" password="${db.password}" classpathref="classpath" onerror="continue">
			<transaction src="./${db.project}/scripts/${db.type}/i2b2_metadata_diagnoses_insert_data.sql" />
		</sql>
                <sql driver="${db.driver}" url="${db.url}" userid="${db.username}" password="${db.password}" classpathref="classpath" onerror="continue">
			<transaction src="./${db.project}/scripts/${db.type}/i2b2_metadata_expressions_insert_data.sql" />
		</sql>
                <sql driver="${db.driver}" url="${db.url}" userid="${db.username}" password="${db.password}" classpathref="classpath" onerror="continue">
			<transaction src="./${db.project}/scripts/${db.type}/i2b2_metadata_labtests_insert_data.sql" />
		</sql>
                <sql driver="${db.driver}" url="${db.url}" userid="${db.username}" password="${db.password}" classpathref="classpath" onerror="continue">
			<transaction src="./${db.project}/scripts/${db.type}/i2b2_metadata_medications_insert_data.sql" />
		</sql>
                <sql driver="${db.driver}" url="${db.url}" userid="${db.username}" password="${db.password}" classpathref="classpath" onerror="continue">
			<transaction src="./${db.project}/scripts/${db.type}/i2b2_metadata_modifiers_insert_data.sql" />
		</sql>
                <sql driver="${db.driver}" url="${db.url}" userid="${db.username}" password="${db.password}" classpathref="classpath" onerror="continue">
			<transaction src="./${db.project}/scripts/${db.type}/i2b2_metadata_procedures_insert_data.sql" />
		</sql>
                <sql driver="${db.driver}" url="${db.url}" userid="${db.username}" password="${db.password}" classpathref="classpath" onerror="continue">
			<transaction src="./${db.project}/scripts/${db.type}/i2b2_metadata_providers_insert_data.sql" />
		</sql>
                <sql driver="${db.driver}" url="${db.url}" userid="${db.username}" password="${db.password}" classpathref="classpath" onerror="continue">
			<transaction src="./${db.project}/scripts/${db.type}/i2b2_metadata_reports_insert_data.sql" />
		</sql>
                <sql driver="${db.driver}" url="${db.url}" userid="${db.username}" password="${db.password}" classpathref="classpath" onerror="continue">
			<transaction src="./${db.project}/scripts/${db.type}/i2b2_metadata_visitDetails_insert_data.sql" />
		</sql>
                <sql driver="${db.driver}" url="${db.url}" userid="${db.username}" password="${db.password}" classpathref="classpath" onerror="continue">
			<transaction src="./${db.project}/scripts/${db.type}/icd10_icd9_diagnoses_insert_data1.sql" />
		</sql>
                <sql driver="${db.driver}" url="${db.url}" userid="${db.username}" password="${db.password}" classpathref="classpath" onerror="continue">
			<transaction src="./${db.project}/scripts/${db.type}/icd10_icd9_diagnoses_insert_data2.sql" />
		</sql>
                <sql driver="${db.driver}" url="${db.url}" userid="${db.username}" password="${db.password}" classpathref="classpath" onerror="continue">
			<transaction src="./${db.project}/scripts/${db.type}/icd10_icd9_diagnoses_insert_data3.sql" />
		</sql>
                <sql driver="${db.driver}" url="${db.url}" userid="${db.username}" password="${db.password}" classpathref="classpath" onerror="continue">
			<transaction src="./${db.project}/scripts/${db.type}/icd10_icd9_diagnoses_insert_data4.sql" />
		</sql>
                <sql driver="${db.driver}" url="${db.url}" userid="${db.username}" password="${db.password}" classpathref="classpath" onerror="continue">
			<transaction src="./${db.project}/scripts/${db.type}/icd10_icd9_modifiers_insert_data.sql" />
		</sql>
		-->
		
	</target>
	
	
	
</project>


